OrderID,OrderDate,ProductID,Quantity,Region,SalesRep
O1001,2026-03-27,P002,1,East,Rohan
O1002,2026-02-02,P003,6,North,Priya
O1003,2026-01-16,P010,4,North,Asha
O1004,2026-01-16,P004,2,North,Priya
O1005,2026-01-30,P012,6,West,Rohan
O1006,2026-03-03,P010,3,North,Rohan
O1007,2026-02-28,P006,3,South,Rohan
O1008,2026-02-17,P002,1,West,Asha
O1009,2026-02-19,P014,3,East,Asha
O1010,2026-03-04,P009,1,West,Asha
O1011,2026-03-16,P005,6,East,Priya
O1012,2026-01-29,P012,1,North,Rohan
O1013,2026-02-11,P002,2,North,Devon
O1014,2026-02-09,P008,6,East,Rohan
O1015,2026-02-21,P006,2,East,Asha
O1016,2026-03-23,P011,2,South,Rohan
O1017,2026-03-05,P007,3,South,Maria
O1018,2026-01-12,P004,1,East,Devon
O1019,2026-02-08,P002,2,East,Rohan
O1020,2026-03-29,P008,4,West,Rohan
O1021,2026-02-07,P003,2,East,Priya
O1022,2026-02-28,P015,5,West,Maria
O1023,2026-02-02,P003,5,West,Asha
O1024,2026-01-11,P014,1,South,Rohan
O1025,2026-02-28,P010,1,West,Devon
O1026,2026-03-22,P008,5,East,Priya
O1027,2026-01-06,P011,6,North,Priya
O1028,2026-02-08,P013,6,East,Asha
O1029,2026-02-11,P007,2,West,Asha
O1030,2026-02-07,P009,2,North,Maria
O1031,2026-03-27,P009,5,South,Rohan
O1032,2026-02-21,P013,2,North,Priya
O1033,2026-02-15,P008,1,North,Maria
O1034,2026-02-13,P004,1,South,Priya
O1035,2026-01-15,P002,6,West,Asha
O1036,2026-03-14,P013,2,South,Devon
O1037,2026-03-16,P003,3,West,Rohan
O1038,2026-03-15,P013,6,South,Maria
O1039,2026-02-25,P011,6,East,Devon
O1040,2026-03-12,P008,1,South,Rohan
O1041,2026-01-13,P006,1,South,Priya
O1042,2026-02-02,P001,1,North,Rohan
O1043,2026-01-13,P015,1,East,Asha
O1044,2026-03-11,P004,3,West,Rohan
O1045,2026-03-15,P003,6,West,Rohan
O1046,2026-03-06,P013,4,South,Asha
O1047,2026-01-17,P011,4,East,Devon
O1048,2026-02-26,P008,6,North,Asha
O1049,2026-01-12,P007,6,East,Asha
O1050,2026-02-05,P004,2,West,Rohan
O1051,2026-02-28,P003,3,West,Rohan
O1052,2026-01-14,P008,5,North,Asha
O1053,2026-03-29,P009,1,North,Rohan
O1054,2026-01-26,P007,4,West,Rohan
O1055,2026-02-25,P015,1,South,Devon
O1056,2026-01-05,P007,3,West,Maria
O1057,2026-02-28,P012,6,West,Rohan
O1058,2026-01-29,P005,2,North,Priya
O1059,2026-03-15,P001,6,East,Asha
O1060,2026-01-11,P010,4,South,Asha
